success,trial_type,trial_index,time_elapsed,internal_node_id,subject,rt,stimulus,response,load_time,raw_gaze,percent_in_roi,average_offset,validation_points,samples_per_sec,view_history,type,Congruency,letter,webgazer_data,webgazer_targets,correct
true,fullscreen,0,2563,0.0-0.0,H_a97w8r2xm921u6y,,,,,,,,,,,,,,,,
,image-button-response,1,4322,0.0-1.0,H_a97w8r2xm921u6y,1756.7150000249967,../../assets/images/overview.png,0,,,,,,,,,,,,,
,survey-likert,2,8364,0.0-2.0,H_a97w8r2xm921u6y,4038.734999950975,,[object Object],,,,,,,,,,,,,
,survey-text,3,12757,0.0-3.0,H_a97w8r2xm921u6y,4387.599999899976,,[object Object],,,,,,,,,,,,,
,webgazer-init-camera,4,20281,0.0-4.0,H_a97w8r2xm921u6y,,,,2926,,,,,,,,,,,,
true,fullscreen,5,22578,0.0-5.0,H_a97w8r2xm921u6y,,,,,,,,,,,,,,,,
,html-button-response,6,23838,0.0-6.0,H_a97w8r2xm921u6y,1257.9850000329316,"<div style=""width: 800px;border: thin solid #0000FF ; border-radius: 10px ;"">
		<ul>
		<li style=""text-align:left; padding:8px; font-size: 18px"">    Now we will calibrate the web gazer.</li>
		<li style=""text-align:left; padding:8px; font-size: 18px"">It will take 2-3 minutes.</li>
		<li style=""text-align:left; padding:8px; font-size: 18px"">On the next screen you will see a sequence of black dots. There will be 20 of them.</li>
		<li style=""text-align:left; padding:8px; font-size: 18px"">Keep your head steady and look at each dot for atleast 3 seconds, then click the dot.</li>
		</ul></div>",0,,,,,,,,,,,,,
,webgazer-calibrate,7,38103,0.0-7.0-0.0,H_a97w8r2xm921u6y,,,,,,,,,,,,,,,,
,webgazer-calibrate,8,54074,0.0-7.0-0.1,H_a97w8r2xm921u6y,,,,,,,,,,,,,,,,
,html-button-response,9,55383,0.0-8.0,H_a97w8r2xm921u6y,1307.7349999221042,"<div style=""width: 800px;border: thin solid #0000FF ; border-radius: 10px ;"">
		<p>Let's see how accurate the eye tracking is. </p>
		<p>Keep your head still, and move your eyes to focus on each dot as it appears.</p>
		<p>You do not need to click on the dots. Just move your eyes to look at the dots.</p>
		",0,,,,,,,,,,,,,
,webgazer-validate,10,70109,0.0-9.0,H_a97w8r2xm921u6y,,,,,"[object Object],[object Object],[object Object],[object Object],[object Object],[object Object],[object Object],[object Object],[object Object],[object Object],[object Object],[object Object],[object Object],[object Object],[object Object],[object Object],[object Object],[object Object],[object Object],[object Object],[object Object],[object Object],[object Object],[object Object],[object Object],[object Object],[object Object],[object Object],[object Object],[object Object],[object Object],[object Object],[object Object],[object Object],[object Object],[object Object],[object Object],[object Object],[object Object],[object Object],[object Object],[object Object],[object Object],[object Object],[object Object],[object Object],[object Object],[object Object],[object Object],[object Object],[object Object],[object Object],[object Object],[object Object],[object Object],[object Object],[object Object],[object Object],[object Object],[object Object],[object Object],[object Object],[object Object],[object Object],[object Object],[object Object],[object Object],[object Object],[object Object],[object Object],[object Object],[object Object],[object Object],[object Object],[object Object],[object Object],[object Object],[object Object],[object Object],[object Object],[object Object],[object Object],[object Object],[object Object],[object Object],[object Object],[object Object],[object Object],[object Object],[object Object],[object Object],[object Object],[object Object],[object Object],[object Object],[object Object],[object Object],[object Object],[object Object],[object Object],[object Object],[object Object],[object Object],[object Object],[object Object],[object Object],[object Object],[object Object],[object Object],[object Object],[object Object],[object Object],[object Object],[object Object],[object Object],[object Object],[object Object],[object Object],[object Object],[object Object],[object Object],[object Object],[object Object],[object Object],[object Object],[object Object],[object Object],[object Object],[object Object],[object Object],[object Object],[object Object],[object Object],[object Object],[object Object],[object Object],[object Object],[object Object],[object Object],[object Object],[object Object],[object Object],[object Object],[object Object],[object Object]","13.513513513513514,100,17.142857142857142,34.285714285714285","[object Object],[object Object],[object Object],[object Object]","25,25,25,75,75,25,75,75",18.08,,,,,,,
,html-button-response,11,71618,0.0-10.0,H_a97w8r2xm921u6y,1507.050000014715,"<div style=""width: 800px; padding: 50px; border-radius: 10px ;background-color: #eaf4f4""><p style=""font-size:20px"">Welcome to the Task 1:</p><h1>Stroop Color/Word</h1>",0,,,,,,,,,,,,,
,instructions,12,75547,0.0-11.0,H_a97w8r2xm921u6y,3928.4350000089034,,,,,,,,,"[object Object],[object Object],[object Object]",,,,,,
,html-keyboard-response,13,77096,0.0-12.0-0.0,H_a97w8r2xm921u6y,,"<table border=""0"" width=""600""><tr height=""250""><td></td></tr><tr height=""250""><td><div style=""font-size:60px;"">+</div></td></tr><tr height=""250""><td valign=""bottom""><img src=""../../assets/images/on_trial.png"" width = ""500""></td></tr></table>",,,,,,,,,fixation,,,,,
,html-keyboard-response,14,77844,0.0-12.0-1.0,H_a97w8r2xm921u6y,745.7299999659881,"<table border=""0"" width=""600""><tr height=""250""><td></td></tr><tr height=""250""><td><div style=""font-size:60px;""><p class=""stimulus"" style=""color:rgb(0,255,0);"">Green</p></div></td></tr><tr height=""250""><td valign=""bottom""><img src=""../../assets/images/on_trial.png"" width = ""500""></td></tr></table>",arrowdown,,,,,,,,practice trial,Con,ArrowDown,"[object Object],[object Object],[object Object],[object Object],[object Object],[object Object],[object Object],[object Object],[object Object],[object Object],[object Object],[object Object],[object Object],[object Object],[object Object],[object Object]",[object Object],true
,html-keyboard-response,15,78248,0.0-12.0-2.0,H_a97w8r2xm921u6y,,"<table border=""0"" width=""600""><tr height=""250""><td></td></tr><tr height=""250""><td><div style=""font-size:60px;"">Correct!</div></td></tr><tr height=""250""><td valign=""bottom""><img src=""../../assets/images/on_trial.png"" width = ""500""></td></tr></table>",,,,,,,,,,,,,,
,html-keyboard-response,16,80048,0.0-12.0-0.1,H_a97w8r2xm921u6y,,"<table border=""0"" width=""600""><tr height=""250""><td></td></tr><tr height=""250""><td><div style=""font-size:60px;"">+</div></td></tr><tr height=""250""><td valign=""bottom""><img src=""../../assets/images/on_trial.png"" width = ""500""></td></tr></table>",,,,,,,,,fixation,,,,,
,html-keyboard-response,17,80899,0.0-12.0-1.1,H_a97w8r2xm921u6y,849.0649999585003,"<table border=""0"" width=""600""><tr height=""250""><td></td></tr><tr height=""250""><td><div style=""font-size:60px;""><p class=""stimulus"" style=""color:rgb(0,0,255);"">Green</p></div></td></tr><tr height=""250""><td valign=""bottom""><img src=""../../assets/images/on_trial.png"" width = ""500""></td></tr></table>",arrowright,,,,,,,,practice trial,Incon,ArrowRight,"[object Object],[object Object],[object Object],[object Object],[object Object],[object Object],[object Object],[object Object],[object Object],[object Object],[object Object],[object Object],[object Object],[object Object],[object Object],[object Object],[object Object],[object Object]",[object Object],true
,html-keyboard-response,18,81314,0.0-12.0-2.1,H_a97w8r2xm921u6y,,"<table border=""0"" width=""600""><tr height=""250""><td></td></tr><tr height=""250""><td><div style=""font-size:60px;"">Correct!</div></td></tr><tr height=""250""><td valign=""bottom""><img src=""../../assets/images/on_trial.png"" width = ""500""></td></tr></table>",,,,,,,,,,,,,,
,html-keyboard-response,19,82586,0.0-12.0-0.2,H_a97w8r2xm921u6y,,"<table border=""0"" width=""600""><tr height=""250""><td></td></tr><tr height=""250""><td><div style=""font-size:60px;"">+</div></td></tr><tr height=""250""><td valign=""bottom""><img src=""../../assets/images/on_trial.png"" width = ""500""></td></tr></table>",,,,,,,,,fixation,,,,,
,html-keyboard-response,20,83441,0.0-12.0-1.2,H_a97w8r2xm921u6y,852.8199999127537,"<table border=""0"" width=""600""><tr height=""250""><td></td></tr><tr height=""250""><td><div style=""font-size:60px;""><p class=""stimulus"" style=""color:rgb(0,255,0);"">Blue</p></div></td></tr><tr height=""250""><td valign=""bottom""><img src=""../../assets/images/on_trial.png"" width = ""500""></td></tr></table>",arrowdown,,,,,,,,practice trial,Incon,ArrowDown,"[object Object],[object Object],[object Object],[object Object],[object Object],[object Object],[object Object],[object Object],[object Object],[object Object],[object Object],[object Object],[object Object],[object Object],[object Object],[object Object],[object Object]",[object Object],true
,html-keyboard-response,21,83867,0.0-12.0-2.2,H_a97w8r2xm921u6y,,"<table border=""0"" width=""600""><tr height=""250""><td></td></tr><tr height=""250""><td><div style=""font-size:60px;"">Correct!</div></td></tr><tr height=""250""><td valign=""bottom""><img src=""../../assets/images/on_trial.png"" width = ""500""></td></tr></table>",,,,,,,,,,,,,,
,html-keyboard-response,22,84407,0.0-12.0-0.3,H_a97w8r2xm921u6y,,"<table border=""0"" width=""600""><tr height=""250""><td></td></tr><tr height=""250""><td><div style=""font-size:60px;"">+</div></td></tr><tr height=""250""><td valign=""bottom""><img src=""../../assets/images/on_trial.png"" width = ""500""></td></tr></table>",,,,,,,,,fixation,,,,,
,html-keyboard-response,23,85055,0.0-12.0-1.3,H_a97w8r2xm921u6y,646.0500000976026,"<table border=""0"" width=""600""><tr height=""250""><td></td></tr><tr height=""250""><td><div style=""font-size:60px;""><p class=""stimulus"" style=""color:rgb(255,0,0);"">Blue</p></div></td></tr><tr height=""250""><td valign=""bottom""><img src=""../../assets/images/on_trial.png"" width = ""500""></td></tr></table>",arrowleft,,,,,,,,practice trial,Incon,ArrowLeft,"[object Object],[object Object],[object Object],[object Object],[object Object],[object Object],[object Object],[object Object],[object Object],[object Object],[object Object],[object Object],[object Object],[object Object]",[object Object],true
,html-keyboard-response,24,85498,0.0-12.0-2.3,H_a97w8r2xm921u6y,,"<table border=""0"" width=""600""><tr height=""250""><td></td></tr><tr height=""250""><td><div style=""font-size:60px;"">Correct!</div></td></tr><tr height=""250""><td valign=""bottom""><img src=""../../assets/images/on_trial.png"" width = ""500""></td></tr></table>",,,,,,,,,,,,,,
,html-keyboard-response,25,86298,0.0-12.0-0.4,H_a97w8r2xm921u6y,,"<table border=""0"" width=""600""><tr height=""250""><td></td></tr><tr height=""250""><td><div style=""font-size:60px;"">+</div></td></tr><tr height=""250""><td valign=""bottom""><img src=""../../assets/images/on_trial.png"" width = ""500""></td></tr></table>",,,,,,,,,fixation,,,,,
,html-keyboard-response,26,86932,0.0-12.0-1.4,H_a97w8r2xm921u6y,632.3050000937656,"<table border=""0"" width=""600""><tr height=""250""><td></td></tr><tr height=""250""><td><div style=""font-size:60px;""><p class=""stimulus"" style=""color:rgb(0,0,255);"">Blue</p></div></td></tr><tr height=""250""><td valign=""bottom""><img src=""../../assets/images/on_trial.png"" width = ""500""></td></tr></table>",arrowright,,,,,,,,practice trial,Con,ArrowRight,"[object Object],[object Object],[object Object],[object Object],[object Object],[object Object],[object Object],[object Object],[object Object],[object Object],[object Object],[object Object],[object Object],[object Object]",[object Object],true
,html-keyboard-response,27,87337,0.0-12.0-2.4,H_a97w8r2xm921u6y,,"<table border=""0"" width=""600""><tr height=""250""><td></td></tr><tr height=""250""><td><div style=""font-size:60px;"">Correct!</div></td></tr><tr height=""250""><td valign=""bottom""><img src=""../../assets/images/on_trial.png"" width = ""500""></td></tr></table>",,,,,,,,,,,,,,
,html-keyboard-response,28,89109,0.0-12.0-0.5,H_a97w8r2xm921u6y,,"<table border=""0"" width=""600""><tr height=""250""><td></td></tr><tr height=""250""><td><div style=""font-size:60px;"">+</div></td></tr><tr height=""250""><td valign=""bottom""><img src=""../../assets/images/on_trial.png"" width = ""500""></td></tr></table>",,,,,,,,,fixation,,,,,
,html-keyboard-response,29,89745,0.0-12.0-1.5,H_a97w8r2xm921u6y,633.0800000578165,"<table border=""0"" width=""600""><tr height=""250""><td></td></tr><tr height=""250""><td><div style=""font-size:60px;""><p class=""stimulus"" style=""color:rgb(255,0,0);"">Green</p></div></td></tr><tr height=""250""><td valign=""bottom""><img src=""../../assets/images/on_trial.png"" width = ""500""></td></tr></table>",arrowleft,,,,,,,,practice trial,Incon,ArrowLeft,"[object Object],[object Object],[object Object],[object Object],[object Object],[object Object],[object Object],[object Object],[object Object],[object Object],[object Object],[object Object],[object Object]",[object Object],true
,html-keyboard-response,30,90147,0.0-12.0-2.5,H_a97w8r2xm921u6y,,"<table border=""0"" width=""600""><tr height=""250""><td></td></tr><tr height=""250""><td><div style=""font-size:60px;"">Correct!</div></td></tr><tr height=""250""><td valign=""bottom""><img src=""../../assets/images/on_trial.png"" width = ""500""></td></tr></table>",,,,,,,,,,,,,,
,html-keyboard-response,31,91951,0.0-12.0-0.6,H_a97w8r2xm921u6y,,"<table border=""0"" width=""600""><tr height=""250""><td></td></tr><tr height=""250""><td><div style=""font-size:60px;"">+</div></td></tr><tr height=""250""><td valign=""bottom""><img src=""../../assets/images/on_trial.png"" width = ""500""></td></tr></table>",,,,,,,,,fixation,,,,,
,html-keyboard-response,32,92816,0.0-12.0-1.6,H_a97w8r2xm921u6y,863.0450000055134,"<table border=""0"" width=""600""><tr height=""250""><td></td></tr><tr height=""250""><td><div style=""font-size:60px;""><p class=""stimulus"" style=""color:rgb(0,0,255);"">Red</p></div></td></tr><tr height=""250""><td valign=""bottom""><img src=""../../assets/images/on_trial.png"" width = ""500""></td></tr></table>",arrowright,,,,,,,,practice trial,Incon,ArrowRight,"[object Object],[object Object],[object Object],[object Object],[object Object],[object Object],[object Object],[object Object],[object Object],[object Object],[object Object],[object Object],[object Object],[object Object],[object Object],[object Object],[object Object]",[object Object],true
,html-keyboard-response,33,93239,0.0-12.0-2.6,H_a97w8r2xm921u6y,,"<table border=""0"" width=""600""><tr height=""250""><td></td></tr><tr height=""250""><td><div style=""font-size:60px;"">Correct!</div></td></tr><tr height=""250""><td valign=""bottom""><img src=""../../assets/images/on_trial.png"" width = ""500""></td></tr></table>",,,,,,,,,,,,,,
,html-keyboard-response,34,94741,0.0-12.0-0.7,H_a97w8r2xm921u6y,,"<table border=""0"" width=""600""><tr height=""250""><td></td></tr><tr height=""250""><td><div style=""font-size:60px;"">+</div></td></tr><tr height=""250""><td valign=""bottom""><img src=""../../assets/images/on_trial.png"" width = ""500""></td></tr></table>",,,,,,,,,fixation,,,,,
,html-keyboard-response,35,95310,0.0-12.0-1.7,H_a97w8r2xm921u6y,567.4250000156462,"<table border=""0"" width=""600""><tr height=""250""><td></td></tr><tr height=""250""><td><div style=""font-size:60px;""><p class=""stimulus"" style=""color:rgb(255,0,0);"">Red</p></div></td></tr><tr height=""250""><td valign=""bottom""><img src=""../../assets/images/on_trial.png"" width = ""500""></td></tr></table>",arrowleft,,,,,,,,practice trial,Con,ArrowLeft,"[object Object],[object Object],[object Object],[object Object],[object Object],[object Object],[object Object],[object Object],[object Object],[object Object],[object Object]",[object Object],true
,html-keyboard-response,36,95718,0.0-12.0-2.7,H_a97w8r2xm921u6y,,"<table border=""0"" width=""600""><tr height=""250""><td></td></tr><tr height=""250""><td><div style=""font-size:60px;"">Correct!</div></td></tr><tr height=""250""><td valign=""bottom""><img src=""../../assets/images/on_trial.png"" width = ""500""></td></tr></table>",,,,,,,,,,,,,,
,html-keyboard-response,37,97489,0.0-12.0-0.8,H_a97w8r2xm921u6y,,"<table border=""0"" width=""600""><tr height=""250""><td></td></tr><tr height=""250""><td><div style=""font-size:60px;"">+</div></td></tr><tr height=""250""><td valign=""bottom""><img src=""../../assets/images/on_trial.png"" width = ""500""></td></tr></table>",,,,,,,,,fixation,,,,,
,html-keyboard-response,38,98329,0.0-12.0-1.8,H_a97w8r2xm921u6y,838.3649999741465,"<table border=""0"" width=""600""><tr height=""250""><td></td></tr><tr height=""250""><td><div style=""font-size:60px;""><p class=""stimulus"" style=""color:rgb(0,255,0);"">Red</p></div></td></tr><tr height=""250""><td valign=""bottom""><img src=""../../assets/images/on_trial.png"" width = ""500""></td></tr></table>",arrowdown,,,,,,,,practice trial,Incon,ArrowDown,"[object Object],[object Object],[object Object],[object Object],[object Object],[object Object],[object Object],[object Object],[object Object],[object Object],[object Object],[object Object],[object Object],[object Object],[object Object],[object Object],[object Object]",[object Object],true
,html-keyboard-response,39,98752,0.0-12.0-2.8,H_a97w8r2xm921u6y,,"<table border=""0"" width=""600""><tr height=""250""><td></td></tr><tr height=""250""><td><div style=""font-size:60px;"">Correct!</div></td></tr><tr height=""250""><td valign=""bottom""><img src=""../../assets/images/on_trial.png"" width = ""500""></td></tr></table>",,,,,,,,,,,,,,
,html-keyboard-response,40,99512,0.0-13.0,H_a97w8r2xm921u6y,757.8999999677762,<p>You responded correctly on <strong>100%</strong> of the 9 trials.</p> <p>Press any key to continue.</p>,arrowright,,,,,,,,,,,,,
,instructions,41,99902,0.0-15.0,H_a97w8r2xm921u6y,388.6250000214204,,,,,,,,,[object Object],,,,,,
,html-keyboard-response,42,100196,0.0-16.0-0.0,H_a97w8r2xm921u6y,,"<div style=""font-size:60px;"">+</div><p><p>",,,,,,,,,fixation,,,,,
,html-keyboard-response,43,101195,0.0-16.0-1.0,H_a97w8r2xm921u6y,998.6149999313056,"<div style = ""margin-top:372px ; margin-left:697px"" ><p class=""stimulus"" style=""color:rgb(0,0,255);font-size:70px;"">Green</p>",arrowright,,,,,,,,test trial,Incon,ArrowRight,"[object Object],[object Object],[object Object],[object Object],[object Object],[object Object],[object Object],[object Object],[object Object],[object Object],[object Object],[object Object],[object Object],[object Object],[object Object],[object Object],[object Object],[object Object],[object Object]",[object Object],true
,html-keyboard-response,44,101555,0.0-16.0-0.1,H_a97w8r2xm921u6y,,"<div style=""font-size:60px;"">+</div><p><p>",,,,,,,,,fixation,,,,,
,html-keyboard-response,45,102711,0.0-16.0-1.1,H_a97w8r2xm921u6y,1154.839999973774,"<div style = ""margin-top:135px ; margin-left:-944px"" ><p class=""stimulus"" style=""color:rgb(0,255,0);font-size:70px;"">Blue</p>",arrowleft,,,,,,,,test trial,Incon,ArrowDown,"[object Object],[object Object],[object Object],[object Object],[object Object],[object Object],[object Object],[object Object],[object Object],[object Object],[object Object],[object Object],[object Object],[object Object],[object Object],[object Object],[object Object],[object Object],[object Object],[object Object],[object Object],[object Object],[object Object],[object Object]",[object Object],false
,html-keyboard-response,46,103493,0.0-16.0-0.2,H_a97w8r2xm921u6y,,"<div style=""font-size:60px;"">+</div><p><p>",,,,,,,,,fixation,,,,,
,html-keyboard-response,47,104008,0.0-16.0-1.2,H_a97w8r2xm921u6y,514.0550000360236,"<div style = ""margin-top:275px ; margin-left:389px"" ><p class=""stimulus"" style=""color:rgb(255,0,0);font-size:70px;"">Green</p>",arrowleft,,,,,,,,test trial,Incon,ArrowLeft,"[object Object],[object Object],[object Object],[object Object],[object Object],[object Object],[object Object],[object Object],[object Object],[object Object]",[object Object],true
,html-keyboard-response,48,104795,0.0-16.0-0.3,H_a97w8r2xm921u6y,,"<div style=""font-size:60px;"">+</div><p><p>",,,,,,,,,fixation,,,,,
,html-keyboard-response,49,105768,0.0-16.0-1.3,H_a97w8r2xm921u6y,972.4750000750646,"<div style = ""margin-top:239px ; margin-left:-561px"" ><p class=""stimulus"" style=""color:rgb(0,255,0);font-size:70px;"">Green</p>",arrowdown,,,,,,,,test trial,Con,ArrowDown,"[object Object],[object Object],[object Object],[object Object],[object Object],[object Object],[object Object],[object Object],[object Object],[object Object],[object Object],[object Object],[object Object],[object Object],[object Object],[object Object],[object Object],[object Object],[object Object],[object Object],[object Object]",[object Object],true
,html-keyboard-response,50,106781,0.0-16.0-0.4,H_a97w8r2xm921u6y,,"<div style=""font-size:60px;"">+</div><p><p>",,,,,,,,,fixation,,,,,
,html-keyboard-response,51,107707,0.0-16.0-1.4,H_a97w8r2xm921u6y,925.2899999264628,"<div style = ""margin-top:-88px ; margin-left:-736px"" ><p class=""stimulus"" style=""color:rgb(0,255,0);font-size:70px;"">Red</p>",arrowdown,,,,,,,,test trial,Incon,ArrowDown,"[object Object],[object Object],[object Object],[object Object],[object Object],[object Object],[object Object],[object Object],[object Object],[object Object],[object Object],[object Object],[object Object],[object Object],[object Object],[object Object],[object Object],[object Object],[object Object],[object Object]",[object Object],true
,html-keyboard-response,52,108967,0.0-16.0-0.5,H_a97w8r2xm921u6y,,"<div style=""font-size:60px;"">+</div><p><p>",,,,,,,,,fixation,,,,,
,html-keyboard-response,53,109711,0.0-16.0-1.5,H_a97w8r2xm921u6y,742.9699999047443,"<div style = ""margin-top:-108px ; margin-left:933px"" ><p class=""stimulus"" style=""color:rgb(0,0,255);font-size:70px;"">Red</p>",arrowright,,,,,,,,test trial,Incon,ArrowRight,"[object Object],[object Object],[object Object],[object Object],[object Object],[object Object],[object Object],[object Object],[object Object],[object Object],[object Object],[object Object],[object Object],[object Object],[object Object],[object Object]",[object Object],true
,html-keyboard-response,54,110735,0.0-16.0-0.6,H_a97w8r2xm921u6y,,"<div style=""font-size:60px;"">+</div><p><p>",,,,,,,,,fixation,,,,,
,html-keyboard-response,55,111322,0.0-16.0-1.6,H_a97w8r2xm921u6y,584.7000000067055,"<div style = ""margin-top:-36px ; margin-left:609px"" ><p class=""stimulus"" style=""color:rgb(255,0,0);font-size:70px;"">Red</p>",arrowright,,,,,,,,test trial,Con,ArrowLeft,"[object Object],[object Object],[object Object],[object Object],[object Object],[object Object],[object Object],[object Object],[object Object],[object Object],[object Object]",[object Object],false
,html-keyboard-response,56,111856,0.0-16.0-0.7,H_a97w8r2xm921u6y,,"<div style=""font-size:60px;"">+</div><p><p>",,,,,,,,,fixation,,,,,
,html-keyboard-response,57,112534,0.0-16.0-1.7,H_a97w8r2xm921u6y,677.3299999767914,"<div style = ""margin-top:99px ; margin-left:743px"" ><p class=""stimulus"" style=""color:rgb(255,0,0);font-size:70px;"">Blue</p>",arrowleft,,,,,,,,test trial,Incon,ArrowLeft,"[object Object],[object Object],[object Object],[object Object],[object Object],[object Object],[object Object],[object Object],[object Object],[object Object],[object Object],[object Object],[object Object]",[object Object],true
,html-keyboard-response,58,113285,0.0-16.0-0.8,H_a97w8r2xm921u6y,,"<div style=""font-size:60px;"">+</div><p><p>",,,,,,,,,fixation,,,,,
,html-keyboard-response,59,114001,0.0-16.0-1.8,H_a97w8r2xm921u6y,713.8399999821559,"<div style = ""margin-top:-80px ; margin-left:-377px"" ><p class=""stimulus"" style=""color:rgb(0,0,255);font-size:70px;"">Blue</p>",arrowright,,,,,,,,test trial,Con,ArrowRight,"[object Object],[object Object],[object Object],[object Object],[object Object],[object Object],[object Object],[object Object],[object Object],[object Object],[object Object],[object Object],[object Object],[object Object],[object Object]",[object Object],true
,html-keyboard-response,60,115012,0.0-17.0,H_a97w8r2xm921u6y,1009.4050000188872,"<div style=""width: 800px;""><p>Well done!!.</p> <p>Press any key to move to Task-2 ..</p></div>",arrowright,,,,,,,,,,,,,
,html-button-response,61,117386,0.0-18.0,H_a97w8r2xm921u6y,2372.4399999482557,"<div style=""width: 800px; padding: 50px; border-radius: 10px ;background-color: #fff1f1""><p style=""font-size:20px"">Welcome to the Task 2:</p><h1>Continuous Performance Task</h1>",0,,,,,,,,,,,,,
,html-button-response,62,118497,0.0-19.0,H_a97w8r2xm921u6y,1109.5399999758229,"<div style=""width: 800px;border: thin solid #ec7b7b ; border-radius: 10px ; padding: 10px""><p>This task will test your ability to hold information in short-term, temporary memory.</p><p>This is called working memory.</p></div>",0,,,,,,,,,,,,,
,html-button-response,63,120330,0.0-20.0,H_a97w8r2xm921u6y,1831.6199999535456,"<div style=""width: 800px;border: thin solid #ec7b7b ; border-radius: 10px ; padding: 10px"">
        	<ol>
        	<li style=""text-align:left; padding:8px; font-size: 18px"">You will see a sequence of letters presented one at a time. Your task is to determine if the letter on the screen is the same that appeared on the last screen.</li>
        	<li style=""text-align:left; padding:8px; font-size: 18px"">If the letter is a match <span style=""font-weight: bold;"">press the M key.</li>
        	<li style=""text-align:left; padding:8px; font-size: 18px"">For example, if you saw the sequence X, C, C, B, B, X you would press the M key when the second C appeared and similarly when the second B appeared on the screen.</li>
        	<li style=""text-align:left; padding:8px; font-size: 18px"">You do not need to press any key when there is not a match.</li>
        	</ol></div>",0,,,,,,,,,,,,,
,html-button-response,64,121474,0.0-21.0,H_a97w8r2xm921u6y,1142.5949999829754,"<div style=""width: 800px;border: thin solid #ec7b7b ; border-radius: 10px ;padding: 10px""><p>The sequence will begin on the next screen.</p><p>This is a practice trial. Lets see how focused you are.</p><p>Remember: press the M key if a letter appears on simultaneous screens.</p></div>",0,,,,,,,,,,,,,
,html-keyboard-response,65,124060,0.0-22.0-0.0,H_a97w8r2xm921u6y,,"<div style = ""centre"" ><span style=""font-size: 96px;"">N</span></div>",,,,,,,,,,,,"[object Object],[object Object],[object Object],[object Object],[object Object],[object Object],[object Object],[object Object],[object Object],[object Object],[object Object],[object Object],[object Object],[object Object],[object Object],[object Object],[object Object],[object Object],[object Object],[object Object],[object Object],[object Object],[object Object],[object Object],[object Object],[object Object],[object Object],[object Object],[object Object],[object Object],[object Object],[object Object],[object Object],[object Object]",[object Object],false
,html-keyboard-response,66,126182,0.0-22.0-0.1,H_a97w8r2xm921u6y,709.1650000074878,"<div style = ""centre"" ><span style=""font-size: 96px;"">N</span></div>",m,,,,,,,,,,,"[object Object],[object Object],[object Object],[object Object],[object Object],[object Object],[object Object],[object Object],[object Object],[object Object],[object Object],[object Object],[object Object],[object Object],[object Object],[object Object],[object Object],[object Object],[object Object],[object Object],[object Object],[object Object],[object Object],[object Object],[object Object],[object Object],[object Object],[object Object],[object Object],[object Object],[object Object],[object Object],[object Object]",[object Object],true
,html-keyboard-response,67,128321,0.0-22.0-0.2,H_a97w8r2xm921u6y,,"<div style = ""centre"" ><span style=""font-size: 96px;"">C</span></div>",,,,,,,,,,,,"[object Object],[object Object],[object Object],[object Object],[object Object],[object Object],[object Object],[object Object],[object Object],[object Object],[object Object],[object Object],[object Object],[object Object],[object Object],[object Object],[object Object],[object Object],[object Object],[object Object],[object Object],[object Object],[object Object],[object Object],[object Object],[object Object],[object Object],[object Object],[object Object],[object Object],[object Object],[object Object],[object Object],[object Object]",[object Object],true
,html-keyboard-response,68,130390,0.0-22.0-0.3,H_a97w8r2xm921u6y,,"<div style = ""centre"" ><span style=""font-size: 96px;"">V</span></div>",,,,,,,,,,,,"[object Object],[object Object],[object Object],[object Object],[object Object],[object Object],[object Object],[object Object],[object Object],[object Object],[object Object],[object Object],[object Object],[object Object],[object Object],[object Object],[object Object],[object Object],[object Object],[object Object],[object Object],[object Object],[object Object],[object Object],[object Object],[object Object],[object Object],[object Object],[object Object],[object Object]",[object Object],true
,html-keyboard-response,69,132462,0.0-22.0-0.4,H_a97w8r2xm921u6y,447.96499994117767,"<div style = ""centre"" ><span style=""font-size: 96px;"">V</span></div>",m,,,,,,,,,,,"[object Object],[object Object],[object Object],[object Object],[object Object],[object Object],[object Object],[object Object],[object Object],[object Object],[object Object],[object Object],[object Object],[object Object],[object Object],[object Object],[object Object],[object Object],[object Object],[object Object],[object Object],[object Object],[object Object],[object Object],[object Object],[object Object],[object Object],[object Object],[object Object],[object Object],[object Object],[object Object],[object Object]",[object Object],true
,html-keyboard-response,70,134520,0.0-22.0-0.5,H_a97w8r2xm921u6y,711.684999987483,"<div style = ""centre"" ><span style=""font-size: 96px;"">V</span></div>",m,,,,,,,,,,,"[object Object],[object Object],[object Object],[object Object],[object Object],[object Object],[object Object],[object Object],[object Object],[object Object],[object Object],[object Object],[object Object],[object Object],[object Object],[object Object],[object Object],[object Object],[object Object],[object Object],[object Object],[object Object],[object Object],[object Object],[object Object],[object Object],[object Object],[object Object],[object Object],[object Object],[object Object],[object Object],[object Object]",[object Object],true
,html-keyboard-response,71,136621,0.0-22.0-0.6,H_a97w8r2xm921u6y,553.7749999202788,"<div style = ""centre"" ><span style=""font-size: 96px;"">V</span></div>",m,,,,,,,,,,,"[object Object],[object Object],[object Object],[object Object],[object Object],[object Object],[object Object],[object Object],[object Object],[object Object],[object Object],[object Object],[object Object],[object Object],[object Object],[object Object],[object Object],[object Object],[object Object],[object Object],[object Object],[object Object],[object Object],[object Object],[object Object],[object Object],[object Object],[object Object],[object Object],[object Object],[object Object],[object Object],[object Object],[object Object]",[object Object],true
,html-keyboard-response,72,138848,0.0-22.0-0.7,H_a97w8r2xm921u6y,,"<div style = ""centre"" ><span style=""font-size: 96px;"">B</span></div>",,,,,,,,,,,,"[object Object],[object Object],[object Object],[object Object],[object Object],[object Object],[object Object],[object Object],[object Object],[object Object],[object Object],[object Object],[object Object],[object Object],[object Object],[object Object],[object Object],[object Object],[object Object],[object Object],[object Object],[object Object],[object Object],[object Object],[object Object],[object Object],[object Object],[object Object],[object Object],[object Object],[object Object],[object Object]",[object Object],true
,html-keyboard-response,73,140965,0.0-22.0-0.8,H_a97w8r2xm921u6y,,"<div style = ""centre"" ><span style=""font-size: 96px;"">N</span></div>",,,,,,,,,,,,"[object Object],[object Object],[object Object],[object Object],[object Object],[object Object],[object Object],[object Object],[object Object],[object Object],[object Object],[object Object],[object Object],[object Object],[object Object],[object Object],[object Object],[object Object],[object Object],[object Object],[object Object],[object Object],[object Object],[object Object],[object Object],[object Object],[object Object],[object Object],[object Object],[object Object],[object Object],[object Object],[object Object]",[object Object],true
,html-keyboard-response,74,143014,0.0-22.0-0.9,H_a97w8r2xm921u6y,,"<div style = ""centre"" ><span style=""font-size: 96px;"">C</span></div>",,,,,,,,,,,,"[object Object],[object Object],[object Object],[object Object],[object Object],[object Object],[object Object],[object Object],[object Object],[object Object],[object Object],[object Object],[object Object],[object Object],[object Object],[object Object],[object Object],[object Object],[object Object],[object Object],[object Object],[object Object],[object Object],[object Object],[object Object],[object Object],[object Object],[object Object],[object Object],[object Object],[object Object],[object Object]",[object Object],true
,html-button-response,75,145396,0.0-23.0,H_a97w8r2xm921u6y,1832.3899999959394,"<div style='width:800px;'><p>All done!</p><p>You correctly identified 4 of the 4 matching items.</p><p>You incorrectly identified 0 of the 5 non-matching items as matches.</p><strong>Let's move to the actual test.</strong><p style = 'color:rgb(255,150,100)'>Words might appear anywhere on the screen</p>",0,,,,,,,,,,,,,
,html-keyboard-response,76,146976,0.0-24.0-0.0,H_a97w8r2xm921u6y,,"<div style = ""margin-top:138px ; margin-left:842px"" ><span style=""font-size: 96px;"">N</span></div>",,,,,,,,,,,,"[object Object],[object Object],[object Object],[object Object],[object Object],[object Object],[object Object],[object Object],[object Object],[object Object],[object Object],[object Object],[object Object],[object Object],[object Object],[object Object],[object Object],[object Object],[object Object],[object Object],[object Object],[object Object],[object Object],[object Object],[object Object],[object Object],[object Object],[object Object],[object Object],[object Object],[object Object],[object Object]",[object Object],false
,html-keyboard-response,77,149086,0.0-24.0-0.1,H_a97w8r2xm921u6y,,"<div style = ""margin-top:316px ; margin-left:921px"" ><span style=""font-size: 96px;"">C</span></div>",,,,,,,,,,,,"[object Object],[object Object],[object Object],[object Object],[object Object],[object Object],[object Object],[object Object],[object Object],[object Object],[object Object],[object Object],[object Object],[object Object],[object Object],[object Object],[object Object],[object Object],[object Object],[object Object],[object Object],[object Object],[object Object],[object Object],[object Object],[object Object],[object Object],[object Object],[object Object],[object Object]",[object Object],true
,html-keyboard-response,78,151202,0.0-24.0-0.2,H_a97w8r2xm921u6y,,"<div style = ""margin-top:-223px ; margin-left:-66px"" ><span style=""font-size: 96px;"">B</span></div>",,,,,,,,,,,,"[object Object],[object Object],[object Object],[object Object],[object Object],[object Object],[object Object],[object Object],[object Object],[object Object],[object Object],[object Object],[object Object],[object Object],[object Object],[object Object],[object Object],[object Object],[object Object],[object Object],[object Object],[object Object],[object Object],[object Object],[object Object],[object Object],[object Object],[object Object],[object Object],[object Object],[object Object],[object Object],[object Object]",[object Object],true
,html-keyboard-response,79,153359,0.0-24.0-0.3,H_a97w8r2xm921u6y,,"<div style = ""margin-top:-270px ; margin-left:633px"" ><span style=""font-size: 96px;"">C</span></div>",,,,,,,,,,,,"[object Object],[object Object],[object Object],[object Object],[object Object],[object Object],[object Object],[object Object],[object Object],[object Object],[object Object],[object Object],[object Object],[object Object],[object Object],[object Object],[object Object],[object Object],[object Object],[object Object],[object Object],[object Object],[object Object],[object Object],[object Object],[object Object],[object Object],[object Object],[object Object],[object Object],[object Object],[object Object],[object Object]",[object Object],true
,html-keyboard-response,80,155424,0.0-24.0-0.4,H_a97w8r2xm921u6y,750.7400000467896,"<div style = ""margin-top:-220px ; margin-left:-130px"" ><span style=""font-size: 96px;"">C</span></div>",m,,,,,,,,,,,"[object Object],[object Object],[object Object],[object Object],[object Object],[object Object],[object Object],[object Object],[object Object],[object Object],[object Object],[object Object],[object Object],[object Object],[object Object],[object Object],[object Object],[object Object],[object Object],[object Object],[object Object],[object Object],[object Object],[object Object],[object Object],[object Object],[object Object],[object Object],[object Object],[object Object],[object Object],[object Object]",[object Object],true
,html-keyboard-response,81,157543,0.0-24.0-0.5,H_a97w8r2xm921u6y,,"<div style = ""margin-top:225px ; margin-left:464px"" ><span style=""font-size: 96px;"">Z</span></div>",,,,,,,,,,,,"[object Object],[object Object],[object Object],[object Object],[object Object],[object Object],[object Object],[object Object],[object Object],[object Object],[object Object],[object Object],[object Object],[object Object],[object Object],[object Object],[object Object],[object Object],[object Object],[object Object],[object Object],[object Object],[object Object],[object Object],[object Object],[object Object],[object Object],[object Object],[object Object],[object Object]",[object Object],true
,html-keyboard-response,82,159650,0.0-24.0-0.6,H_a97w8r2xm921u6y,,"<div style = ""margin-top:50px ; margin-left:774px"" ><span style=""font-size: 96px;"">X</span></div>",,,,,,,,,,,,"[object Object],[object Object],[object Object],[object Object],[object Object],[object Object],[object Object],[object Object],[object Object],[object Object],[object Object],[object Object],[object Object],[object Object],[object Object],[object Object],[object Object],[object Object],[object Object],[object Object],[object Object],[object Object],[object Object],[object Object],[object Object],[object Object],[object Object],[object Object],[object Object],[object Object],[object Object],[object Object],[object Object]",[object Object],true
,html-keyboard-response,83,161775,0.0-24.0-0.7,H_a97w8r2xm921u6y,,"<div style = ""margin-top:-89px ; margin-left:-256px"" ><span style=""font-size: 96px;"">Z</span></div>",,,,,,,,,,,,"[object Object],[object Object],[object Object],[object Object],[object Object],[object Object],[object Object],[object Object],[object Object],[object Object],[object Object],[object Object],[object Object],[object Object],[object Object],[object Object],[object Object],[object Object],[object Object],[object Object],[object Object],[object Object],[object Object],[object Object],[object Object],[object Object],[object Object],[object Object],[object Object],[object Object],[object Object],[object Object],[object Object]",[object Object],true
,html-keyboard-response,84,163851,0.0-24.0-0.8,H_a97w8r2xm921u6y,921.0299999685958,"<div style = ""margin-top:-267px ; margin-left:966px"" ><span style=""font-size: 96px;"">Z</span></div>",m,,,,,,,,,,,"[object Object],[object Object],[object Object],[object Object],[object Object],[object Object],[object Object],[object Object],[object Object],[object Object],[object Object],[object Object],[object Object],[object Object],[object Object],[object Object],[object Object],[object Object],[object Object],[object Object],[object Object],[object Object],[object Object],[object Object],[object Object],[object Object],[object Object],[object Object],[object Object],[object Object],[object Object],[object Object]",[object Object],true
,html-keyboard-response,85,165945,0.0-24.0-0.9,H_a97w8r2xm921u6y,,"<div style = ""margin-top:-244px ; margin-left:-685px"" ><span style=""font-size: 96px;"">X</span></div>",,,,,,,,,,,,"[object Object],[object Object],[object Object],[object Object],[object Object],[object Object],[object Object],[object Object],[object Object],[object Object],[object Object],[object Object],[object Object],[object Object],[object Object],[object Object],[object Object],[object Object],[object Object],[object Object],[object Object],[object Object],[object Object],[object Object],[object Object],[object Object],[object Object],[object Object],[object Object],[object Object],[object Object],[object Object],[object Object]",[object Object],true
,html-keyboard-response,86,168124,0.0-24.0-0.10,H_a97w8r2xm921u6y,,"<div style = ""margin-top:-54px ; margin-left:389px"" ><span style=""font-size: 96px;"">N</span></div>",,,,,,,,,,,,"[object Object],[object Object],[object Object],[object Object],[object Object],[object Object],[object Object],[object Object],[object Object],[object Object],[object Object],[object Object],[object Object],[object Object],[object Object],[object Object],[object Object],[object Object],[object Object],[object Object],[object Object],[object Object],[object Object],[object Object],[object Object],[object Object],[object Object],[object Object],[object Object],[object Object],[object Object],[object Object]",[object Object],true
,html-keyboard-response,87,170170,0.0-24.0-0.11,H_a97w8r2xm921u6y,,"<div style = ""margin-top:-64px ; margin-left:-969px"" ><span style=""font-size: 96px;"">C</span></div>",,,,,,,,,,,,"[object Object],[object Object],[object Object],[object Object],[object Object],[object Object],[object Object],[object Object],[object Object],[object Object],[object Object],[object Object],[object Object],[object Object],[object Object],[object Object],[object Object],[object Object],[object Object],[object Object],[object Object],[object Object],[object Object],[object Object],[object Object],[object Object],[object Object],[object Object],[object Object],[object Object],[object Object],[object Object],[object Object]",[object Object],true
,html-keyboard-response,88,172275,0.0-24.0-0.12,H_a97w8r2xm921u6y,829.6499999705702,"<div style = ""margin-top:229px ; margin-left:321px"" ><span style=""font-size: 96px;"">C</span></div>",m,,,,,,,,,,,"[object Object],[object Object],[object Object],[object Object],[object Object],[object Object],[object Object],[object Object],[object Object],[object Object],[object Object],[object Object],[object Object],[object Object],[object Object],[object Object],[object Object],[object Object],[object Object],[object Object],[object Object],[object Object],[object Object],[object Object],[object Object],[object Object],[object Object],[object Object],[object Object],[object Object],[object Object],[object Object],[object Object]",[object Object],true
,html-keyboard-response,89,174396,0.0-24.0-0.13,H_a97w8r2xm921u6y,667.3249999294057,"<div style = ""margin-top:58px ; margin-left:187px"" ><span style=""font-size: 96px;"">C</span></div>",m,,,,,,,,,,,"[object Object],[object Object],[object Object],[object Object],[object Object],[object Object],[object Object],[object Object],[object Object],[object Object],[object Object],[object Object],[object Object],[object Object],[object Object],[object Object],[object Object],[object Object],[object Object],[object Object],[object Object],[object Object],[object Object],[object Object],[object Object],[object Object],[object Object],[object Object],[object Object],[object Object],[object Object],[object Object],[object Object]",[object Object],true
,html-keyboard-response,90,176441,0.0-24.0-0.14,H_a97w8r2xm921u6y,812.3800000175834,"<div style = ""margin-top:257px ; margin-left:390px"" ><span style=""font-size: 96px;"">C</span></div>",m,,,,,,,,,,,"[object Object],[object Object],[object Object],[object Object],[object Object],[object Object],[object Object],[object Object],[object Object],[object Object],[object Object],[object Object],[object Object],[object Object],[object Object],[object Object],[object Object],[object Object],[object Object],[object Object],[object Object],[object Object],[object Object],[object Object],[object Object],[object Object],[object Object],[object Object]",[object Object],true
,html-keyboard-response,91,178506,0.0-24.0-0.15,H_a97w8r2xm921u6y,,"<div style = ""margin-top:173px ; margin-left:446px"" ><span style=""font-size: 96px;"">X</span></div>",,,,,,,,,,,,"[object Object],[object Object],[object Object],[object Object],[object Object],[object Object],[object Object],[object Object],[object Object],[object Object],[object Object],[object Object],[object Object],[object Object],[object Object],[object Object],[object Object],[object Object],[object Object],[object Object],[object Object],[object Object],[object Object],[object Object],[object Object],[object Object],[object Object],[object Object],[object Object],[object Object],[object Object],[object Object]",[object Object],true
,html-keyboard-response,92,180611,0.0-24.0-0.16,H_a97w8r2xm921u6y,,"<div style = ""margin-top:115px ; margin-left:-696px"" ><span style=""font-size: 96px;"">X</span></div>",,,,,,,,,,,,"[object Object],[object Object],[object Object],[object Object],[object Object],[object Object],[object Object],[object Object],[object Object],[object Object],[object Object],[object Object],[object Object],[object Object],[object Object],[object Object],[object Object],[object Object],[object Object],[object Object],[object Object],[object Object],[object Object],[object Object],[object Object],[object Object],[object Object],[object Object],[object Object],[object Object],[object Object],[object Object],[object Object]",[object Object],false
,html-keyboard-response,93,182685,0.0-24.0-0.17,H_a97w8r2xm921u6y,1195.0300000607967,"<div style = ""margin-top:283px ; margin-left:365px"" ><span style=""font-size: 96px;"">X</span></div>",m,,,,,,,,,,,"[object Object],[object Object],[object Object],[object Object],[object Object],[object Object],[object Object],[object Object],[object Object],[object Object],[object Object],[object Object],[object Object],[object Object],[object Object],[object Object],[object Object],[object Object],[object Object],[object Object],[object Object],[object Object],[object Object],[object Object],[object Object],[object Object],[object Object],[object Object],[object Object],[object Object],[object Object],[object Object]",[object Object],true
,html-keyboard-response,94,184862,0.0-24.0-0.18,H_a97w8r2xm921u6y,,"<div style = ""margin-top:-65px ; margin-left:-793px"" ><span style=""font-size: 96px;"">N</span></div>",,,,,,,,,,,,"[object Object],[object Object],[object Object],[object Object],[object Object],[object Object],[object Object],[object Object],[object Object],[object Object],[object Object],[object Object],[object Object],[object Object],[object Object],[object Object],[object Object],[object Object],[object Object],[object Object],[object Object],[object Object],[object Object],[object Object],[object Object],[object Object],[object Object],[object Object],[object Object],[object Object],[object Object]",[object Object],true
,html-keyboard-response,95,186971,0.0-24.0-0.19,H_a97w8r2xm921u6y,682.8099999111146,"<div style = ""margin-top:319px ; margin-left:-692px"" ><span style=""font-size: 96px;"">N</span></div>",m,,,,,,,,,,,"[object Object],[object Object],[object Object],[object Object],[object Object],[object Object],[object Object],[object Object],[object Object],[object Object],[object Object],[object Object],[object Object],[object Object],[object Object],[object Object],[object Object],[object Object],[object Object],[object Object],[object Object],[object Object],[object Object],[object Object],[object Object],[object Object],[object Object],[object Object],[object Object],[object Object],[object Object],[object Object],[object Object]",[object Object],true
,html-keyboard-response,96,189924,0.0-25.0,H_a97w8r2xm921u6y,2396.3300000177696,<div style='width:800px;'><p>All done!</p><p>You correctly identified 7 of the 8 matching items.</p><p>You incorrectly identified 0 of the 11 non-matching items as matches.</p><p>Please press any key to proceed, ,,,,,,,,,,,,,
,html-button-response,97,191381,0.0-26.0,H_a97w8r2xm921u6y,1455.6050000246614,"<div style=""width: 800px;""><p>Please continue to head towards the last task of the study </p></div>",0,,,,,,,,,,,,,
,html-button-response,98,192586,0.0-27.0,H_a97w8r2xm921u6y,1203.1799999531358,"<div style=""width: 800px; padding: 50px; border-radius: 10px ;background-color: #cfffc1""><p style=""font-size:20px"">Welcome to the Task 3:</p><h1>Trail-Making Task</h1>",0,,,,,,,,,,,,,
,html-button-response,99,193844,0.0-28.0,H_a97w8r2xm921u6y,1256.87000004109,"<div style=""width: 800px;border: thin solid #65dc7f ; border-radius: 10px ;"">
    	<ul>
    	<li style=""text-align:left; padding:8px; font-size: 18px"">    On the next screen you will see bubbles with a character written in them.</li>
    	<li style=""text-align:left; padding:8px; font-size: 18px"">Click on the bubbles starting from 1.</li>
    	<li style=""text-align:left; padding:8px; font-size: 18px"">You need to make the trail pattern 1-A-2-B-3-C-4-D.......</li>

    	</ul></div>",0,,,,,,,,,,,,,
,serial-reaction-time-mouse,100,200349,0.0-29.0-0.0,H_a97w8r2xm921u6y,6495.989999966696,,"5,15",,,,,,,,,,,,,true
,serial-reaction-time-mouse,101,201173,0.0-29.0-0.1,H_a97w8r2xm921u6y,816.8600000208244,,"6,13",,,,,,,,,,,,,true
,serial-reaction-time-mouse,102,202139,0.0-29.0-0.2,H_a97w8r2xm921u6y,958.8850000873208,,"7,14",,,,,,,,,,,,,true
,serial-reaction-time-mouse,103,203903,0.0-29.0-0.3,H_a97w8r2xm921u6y,1758.7400000775233,,"3,19",,,,,,,,,,,,,true
,serial-reaction-time-mouse,104,205499,0.0-29.0-0.4,H_a97w8r2xm921u6y,1588.5500001022592,,"8,10",,,,,,,,,,,,,true
,serial-reaction-time-mouse,105,206756,0.0-29.0-0.5,H_a97w8r2xm921u6y,1247.1450000302866,,"1,5",,,,,,,,,,,,,true
,serial-reaction-time-mouse,106,211458,0.0-29.0-0.6,H_a97w8r2xm921u6y,4694.92000003811,,"9,1",,,,,,,,,,,,,true
,serial-reaction-time-mouse,107,217946,0.0-29.0-0.7,H_a97w8r2xm921u6y,6480.059999972582,,"0,10",,,,,,,,,,,,,true
,serial-reaction-time-mouse,108,219541,0.0-29.0-0.8,H_a97w8r2xm921u6y,1587.1049999259412,,"5,11",,,,,,,,,,,,,true
,serial-reaction-time-mouse,109,220236,0.0-29.0-0.9,H_a97w8r2xm921u6y,687.195000005886,,"5,13",,,,,,,,,,,,,true
,serial-reaction-time-mouse,110,221005,0.0-29.0-0.10,H_a97w8r2xm921u6y,763.5200000368059,,"6,14",,,,,,,,,,,,,true
,serial-reaction-time-mouse,111,223593,0.0-29.0-0.11,H_a97w8r2xm921u6y,2580.0900000613183,,"4,6",,,,,,,,,,,,,true
,serial-reaction-time-mouse,112,224690,0.0-29.0-0.12,H_a97w8r2xm921u6y,1091.0350000485778,,"2,3",,,,,,,,,,,,,true
,serial-reaction-time-mouse,113,227762,0.0-29.0-0.13,H_a97w8r2xm921u6y,3065.1249999646097,,"0,19",,,,,,,,,,,,,true
,serial-reaction-time-mouse,114,229296,0.0-29.0-0.14,H_a97w8r2xm921u6y,1528.334999922663,,"3,5",,,,,,,,,,,,,true
,serial-reaction-time-mouse,115,230839,0.0-29.0-0.15,H_a97w8r2xm921u6y,1535.31499998644,,"4,20",,,,,,,,,,,,,true
,serial-reaction-time-mouse,116,269150,0.0-29.0-0.16,H_a97w8r2xm921u6y,38305.09499995969,,"3,8",,,,,,,,,,,,,true
,serial-reaction-time-mouse,117,271718,0.0-29.0-0.17,H_a97w8r2xm921u6y,2560.9999999869615,,"2,16",,,,,,,,,,,,,true
,serial-reaction-time-mouse,118,272321,0.0-29.0-0.18,H_a97w8r2xm921u6y,596.529999980703,,"4,16",,,,,,,,,,,,,true
,serial-reaction-time-mouse,119,273556,0.0-29.0-0.19,H_a97w8r2xm921u6y,1229.2499999748543,,"6,2",,,,,,,,,,,,,true
,serial-reaction-time-mouse,120,274643,0.0-29.0-0.20,H_a97w8r2xm921u6y,1075.139999971725,,"1,20",,,,,,,,,,,,,true
,serial-reaction-time-mouse,121,276682,0.0-29.0-0.21,H_a97w8r2xm921u6y,2032.23499993328,,"9,11",,,,,,,,,,,,,true
,serial-reaction-time-mouse,122,278741,0.0-29.0-0.22,H_a97w8r2xm921u6y,2051.9699999131262,,"0,3",,,,,,,,,,,,,true
,serial-reaction-time-mouse,123,281167,0.0-29.0-0.23,H_a97w8r2xm921u6y,2417.7500000223517,,"7,19",,,,,,,,,,,,,true
,serial-reaction-time-mouse,124,282428,0.0-29.0-0.24,H_a97w8r2xm921u6y,1255.4000000236556,,"1,14",,,,,,,,,,,,,true
,serial-reaction-time-mouse,125,283879,0.0-29.0-0.25,H_a97w8r2xm921u6y,1444.7399999480695,,"8,8",,,,,,,,,,,,,true
,serial-reaction-time-mouse,126,284902,0.0-29.0-0.26,H_a97w8r2xm921u6y,1015.1550000300631,,"7,2",,,,,,,,,,,,,true
,serial-reaction-time-mouse,127,285994,0.0-29.0-0.27,H_a97w8r2xm921u6y,1083.5700000170618,,"9,18",,,,,,,,,,,,,true
,serial-reaction-time-mouse,128,286681,0.0-29.0-0.28,H_a97w8r2xm921u6y,680.0949999596924,,"8,20",,,,,,,,,,,,,true
,serial-reaction-time-mouse,129,287784,0.0-29.0-0.29,H_a97w8r2xm921u6y,1098.3899999409914,,"2,12",,,,,,,,,,,,,true
,html-keyboard-response,130,289329,0.0-30.0,H_a97w8r2xm921u6y,1542.394999996759,Thank you. Press any key to end the experiment., ,,,,,,,,,,,,,
